{"cameraMode":{"drawMode":0,"name":"Shaded","section":"Shading Mode"},"sceneLighting":false,"audioPlay":false,"sceneViewState":{"m_AlwaysRefresh":false,"showFog":true,"showSkybox":true,"showFlares":true,"showImageEffects":true,"showParticleSystems":true,"showVisualEffectGraphs":true,"m_FxEnabled":true},"in2DMode":false,"pivot":{"x":451.47027587890627,"y":146.40235900878907,"z":-491.7033996582031},"rotation":{"x":3.5665419773067699e-7,"y":-0.004499858245253563,"z":3.461274502569722e-7,"w":0.9999926686286926},"size":135.95867919921876,"orthographic":false}